-1.525874,-0.355192
-1.110276,-7.913651
-3.043261,0.113971
-3.224691,-10.260762
6.193971,-5.458794
-2.930860,-2.007480
-2.873770,-0.374922
-2.046460,0.490735
6.669774,-5.772325
-1.850212,-9.853251
-3.028817,-8.649233
7.233280,-5.436222
-1.837033,0.371453
-1.900843,-7.135315
-3.210064,0.245908
-4.339678,0.869158
-3.616975,-7.383094
6.137888,-8.068364
-2.965206,-8.241323
-3.759595,-10.445797
-4.277504,-5.561028
-2.799076,0.710051
-3.012680,0.020437
0.643287,-8.140487
7.189016,-6.621761
6.968623,-6.713621
-1.128529,-1.510495
-1.416328,-0.743615
5.244648,-6.936601
-1.942801,-1.248950
-4.595031,-8.393854
-1.877428,1.090910
-3.211961,-9.148915
6.126304,-6.363224
-3.165294,-9.226633
-4.976459,1.219861
6.677185,-6.516869
-2.084923,0.040782
-3.687550,-0.647114
5.204898,-6.335681
-2.935756,-0.277310
-1.747401,-9.079144
-2.326195,-8.552609
7.079096,-6.504584
6.858646,-7.857630
-3.321929,-7.246137
-2.811998,0.482654
6.753939,-6.667189
6.919129,-6.961949
-3.694515,-7.547955
-4.571784,-9.432642
7.474199,-5.933538
-2.805255,0.193912
-1.862955,-10.340229
-1.994616,0.176754
-2.763589,-8.622197
-3.063548,-9.359265
-4.253789,-0.515158
-3.883924,-8.417373
7.843323,-6.316343
-2.109080,-8.319744
-3.705174,0.281712
-0.815618,-0.105908
-2.847606,-8.181854
-0.914116,-0.053154
7.486496,-8.011376
-2.299794,-7.803219
7.503103,-7.029571
7.532108,-6.274557
-3.871184,-0.484054
6.052530,-6.403162
-2.973295,-8.414418
7.994471,-5.086923
6.778691,-7.651801
7.804209,-5.523973
6.729571,-7.793717
-2.451335,-6.954324
5.574859,-7.749720
-5.583524,-0.902447
-1.923975,1.098228
-1.789879,0.892823
6.829629,-5.803204
-5.213094,-7.867544
-3.656064,0.589219
-2.891308,-0.105469
-4.111453,-9.676299
6.990634,-5.971836
-1.728420,-9.360469
7.123085,-6.400451
-3.849320,1.153828
6.636255,-6.955680
-3.745921,-7.282772
-2.346093,-9.035940
-3.611904,-9.360918
-2.606245,-9.029196
-2.251930,-0.705984
6.286269,-7.138297
6.534328,-7.119031
-3.561984,-6.228946
-3.941778,-0.302551
-3.201309,1.140555
6.658877,-6.241417
-4.412104,-0.684251
-2.862489,-7.687073
-4.665005,0.161244
-3.364010,0.526728
-4.318005,0.900727
-4.663323,-9.057074
6.336762,-6.582570
7.058381,-6.936404
-2.955534,1.051883
6.393578,-7.232942
-3.712967,0.188309
-2.977277,-6.862522
-3.814029,-0.152279
-2.582047,-8.695143
-4.198241,0.474667
6.546424,-7.209162
7.163034,-7.719603
7.141770,-7.023329
-2.649411,-10.739780
-3.962651,-1.315847
-2.521163,-1.999340
-3.044207,-8.063931
7.227505,-7.180899
-1.876627,-8.701211
-3.637667,-0.071437
-1.743777,-7.927823
-4.060455,-7.556453
8.307467,-7.097200
7.532693,-6.454367
5.878383,-7.551316
6.728995,-6.683893
5.554914,-7.277171
-3.753069,1.331217
6.628946,-7.436369
-2.077406,0.846930
-4.062860,-0.546507
-1.711564,-7.672095
8.249585,-7.683353
4.217135,-6.827901
-4.666078,1.591020
5.855647,-6.454948
7.076529,-7.849912
-3.005517,-7.825004
-2.279008,-10.053040
-0.074225,-9.438473
-3.472384,-8.162948
4.380125,-5.588282
-1.996398,-8.668733
-2.225048,-0.545244
-1.211277,-9.017868
-2.743661,0.891112
-2.326051,-9.331772
-2.634320,0.796233
6.201111,-5.809951
-3.424512,-0.206313
4.923035,-5.570492
-0.741524,-0.252517
-2.385275,0.499035
5.056280,-7.203555
8.086489,-6.900366
-4.374825,0.715959
6.892773,-6.994054
0.920185,-9.530870
-2.878109,-8.861214
6.438302,-6.066815
-1.771041,-9.093371
6.869945,-7.675428
-2.471366,-1.104175
-2.599862,0.174773
-2.934866,-9.813809
5.363958,-7.969462
-3.668889,-7.845567
7.590732,-6.134953
6.617517,-5.964838
-3.095266,-8.509244
5.923519,-6.750877
6.073184,-6.353584
-1.412278,-8.329733
-2.322468,-9.015983
-0.811898,-1.055576
7.123280,-6.980325
7.308031,-7.463822
5.320838,-7.252454
-2.485754,-8.136434
6.416486,-9.145964
7.357636,-6.145073
-3.931004,0.251829
-2.077687,-7.960443
4.833596,-8.245937
-2.568631,-7.725506
-2.734588,-10.907713
-3.864996,-0.240361
-3.183319,-0.501194
-3.250123,-8.762441
-3.857495,0.113536
5.721254,-6.465761
7.198710,-6.034049
4.788300,-6.376088
-4.352428,-7.648100
-3.419245,-8.555292
6.821141,-7.476608
-2.553659,0.648584
6.614220,-3.968423
-2.115191,0.642432
-1.514093,0.040979
-2.100942,-5.952232
7.625056,-7.894225
-1.408257,-8.635710
7.660745,-7.275617
7.569573,-7.117894
-2.194451,-10.222808
-3.744246,-0.593037
8.528669,-8.433345
-1.264778,-9.066105
-1.491793,-9.251083
-1.380636,-8.699314
-3.263508,0.704990
-2.513480,-7.078909
6.946491,-7.393413
-2.823771,-9.269916
8.109978,-6.049385
-1.553420,0.285896
-2.801500,1.213490
6.908772,-8.098432
-3.261797,1.392319
-2.330454,0.785064
-0.916605,-7.150159
8.210658,-7.746201
8.028939,-5.842718
7.070995,-7.270940
7.289210,-7.765471
6.091741,-6.012930
-3.743958,0.889931
7.954962,-6.949660
-1.688465,-1.377919
-3.084622,-8.204717
-2.933390,-8.308942
-3.380041,-1.426651
6.276161,-6.478147
-1.845131,-2.050080
-1.955359,-8.723534
-4.476725,-7.302417
-1.848109,-9.449911
6.174356,-6.874749
6.816826,-8.011462
-2.996123,0.432261
6.840108,-9.723571
-4.060719,-8.228321
-3.373257,0.980692
-3.227871,-7.846208
-2.628787,-7.621599
6.128517,-6.815697
5.981303,-6.904358
7.391963,-6.471924
6.842083,-6.979225
-2.290308,-9.761378
-2.874547,0.323275
-2.394130,0.109949
6.025959,-7.133239
7.377581,-6.935689
-0.582451,-11.215324
-2.200852,-8.691462
7.976471,-6.406372
-2.437564,-8.461475
6.361319,-6.887643
-3.618102,-9.261788
-2.641476,0.118279
-5.337162,-8.039257
5.057390,-4.439478
6.874306,-7.873608
-1.070516,-8.539303
7.501396,-5.963811
-1.635498,-7.952683
-2.087995,-0.022735
-1.514421,-0.517640
-0.878202,-8.648386
-2.626548,-7.054151
7.133562,-6.622715
-4.685761,-7.048740
-2.347220,-8.225056
-3.136456,-8.303727
6.790520,-7.278747
-2.750807,-0.180957
-1.941109,-10.915448
6.067663,-7.851267
-2.949401,-0.384295
-1.988722,-8.673014
7.699611,-7.415527
6.151035,-6.604049
6.552026,-8.480885
-1.412332,0.216744
-3.067655,2.266685
-3.651995,-8.146794
5.432128,-6.970443
-3.765372,-7.631567
7.964738,-6.591348
-1.949076,0.779539
7.145465,-7.124595
-1.888725,-9.018069
-2.563261,-0.177939
-1.605398,0.535007
6.390946,-7.367478
-2.310918,-0.830404
6.860187,-5.687991
8.265372,-7.026903
-3.185761,-0.917607
-3.662321,1.660713
6.732406,-6.985973
8.135677,-7.466280
-2.234071,-0.599908
-0.882044,1.163185
-3.559957,-7.665868
7.996060,-6.080520
-1.126632,-7.863330
5.373082,-6.611663
6.540190,-6.759434
8.390263,-5.546015
-3.671800,-8.050361
-4.157389,-0.319716
4.400709,-7.663639
-2.225084,-6.360350
-2.158738,0.653830
-2.175493,-8.346138
-2.521819,-8.987731
-1.779106,-0.945053
-2.839586,0.293673
-3.564229,-8.746548
7.739812,-5.613719
-1.799021,-8.162222
-3.725478,0.424921
-2.657503,-1.067954
-4.178140,0.782375
-3.371042,-7.998471
-4.281257,-0.334257
-4.233718,-9.958109
-2.994631,-0.832626
7.971212,-6.819866
-1.076062,-9.663018
-2.863910,0.013637
-2.186881,-6.710752
7.390689,-6.882168
-2.580471,-7.568281
-3.215093,-6.826428
5.501457,-7.404157
7.683946,-7.557313
4.603045,-6.757353
-2.438928,-1.867338
-3.988972,-8.720043
8.450506,-5.873778
5.919662,-6.567666
-2.041128,0.025988
-3.292657,0.204633
-1.647913,-0.397101
-2.551072,1.990173
-2.018493,0.878732
5.825591,-5.990424
-3.749052,-7.267048
-4.624289,-8.214374
-0.532153,-7.804372
5.609332,-7.439295
7.409466,-7.063126
6.114256,-7.273161
6.330882,-8.304150
6.766045,-6.877563
-2.979626,-8.546104
-2.494185,-10.449121
-3.560693,-9.370226
6.526030,-8.080298
-3.690652,-9.491627
6.578555,-7.621536
-2.475449,-8.735217
8.690646,-5.992408
-3.034297,-0.684895
4.315285,-7.518994
-3.257796,-8.892578
-2.459822,-9.026658
-1.502231,-10.339952
-3.406788,0.806095
6.768601,-5.187008
6.756951,-5.122438
-4.090091,-8.424005
7.231757,-5.186056
8.581515,-6.005725
-2.831178,-8.195665
-3.124708,-0.726792
-2.482980,-0.815931
5.722617,-7.057580
-3.351561,2.602026
-2.454601,-9.089659
-2.379472,-0.829553
-3.079530,-0.978272
-2.187281,-8.478720
-3.561126,-0.397946
-4.192965,-1.006816
-2.527001,0.808094
-3.245410,-7.694672
-2.273074,0.448521
-3.904385,0.044108
-2.956500,-9.477064
-4.248378,1.188385
6.452649,-6.652737
-1.641847,-9.410630
-4.323352,1.691161
7.066356,-5.647153
-2.767064,-0.135330
-3.585608,-8.054829
-2.843657,0.997588
-2.438129,-9.071191
7.547602,-7.607747
-2.220632,0.134439
-1.861010,-0.288210
-3.450186,-7.835993
-1.532877,-7.387793
-3.620797,-8.976528
-2.647685,-9.081238
-4.904441,1.869802
5.346500,-8.411377
-2.734432,-0.514876
-0.873680,-9.871088
-1.818515,-7.164684
-4.514071,0.730753
-4.797408,-1.229914
-2.441353,-7.958983
7.657668,-6.271306
-1.139856,-0.557909
7.001891,-6.615636
-0.898664,-7.740773
-1.703408,-0.780222
-3.786461,-8.074896
-4.018465,0.564458
-1.849536,-10.418982
-2.419204,1.246746
-1.354225,-0.751157
-3.411635,2.648854
6.399716,-6.558445
-3.023064,-0.168712
-3.735196,-8.205056
7.560533,-6.536121
8.785325,-8.061291
-4.452626,1.982819
7.630372,-7.640097
7.157520,-7.248702
7.799600,-7.128484
4.973871,-5.186907
-2.768355,-9.388842
-3.089568,1.152607
-3.328032,-0.664153
6.500435,-7.596663
-3.031058,-1.843095
6.219666,-6.192132
-2.085086,-9.443932
-3.194290,-9.033199
-1.226139,-8.310418
5.228337,-7.211430
-4.170612,0.177907
-1.994128,-1.592496
-1.698691,-8.551193
-2.768427,1.480254
-3.020074,0.146722
4.647831,-7.637300
-3.297802,-1.597134
-2.867572,-6.419358
-3.763243,-9.277528
7.578072,-5.503984
-3.135333,-7.635755
-1.680644,-1.343648
-4.015176,0.208847
6.455518,-5.976308
-3.436478,0.793726
6.047241,-7.795720
-2.355398,-0.866111
-1.360645,-0.581456
-3.136438,-8.384020
-1.274068,-7.830505
-3.170540,-8.710507
-2.505002,-8.643515
-2.184909,-1.064098
8.093550,-7.598609
-1.106459,-10.072581
7.945487,-7.360406
5.589845,-6.776902
5.873460,-7.864412
-2.258415,1.595143
6.471582,-6.698807
-3.416185,1.033408
7.058529,-8.090831
-2.551038,0.068424
-2.062558,0.754673
-2.570170,-9.106073
5.957304,-5.719054
-4.190109,-9.386136
-3.348913,-9.503951
-2.524911,-8.845002
-2.836478,-8.673248
6.349915,-8.635794
-4.030570,-0.050540
-2.287600,-7.794119
-2.772121,1.006902
-3.278017,-9.267095
-3.365037,0.408866
8.749399,-6.777256
-3.754710,-1.208743
6.638446,-8.688222
8.053548,-5.722532
-3.502185,-8.066690
7.999216,-8.056913
6.831501,-7.211711
-3.381095,-7.317153
7.639462,-6.753084
-2.500161,-7.595894
-2.129551,-8.078837
-3.305213,-1.215354
-1.799043,0.729284
-3.444917,-9.631354
7.301657,-6.544145
7.022449,-6.659152
-1.446773,-7.632756
-2.168276,-9.548998
6.292407,-6.644271
-4.664290,-9.792328
-3.230904,-9.432218
7.355258,-6.252809
-4.190954,0.620248
-5.471754,0.451948
-2.469195,-8.970899
-2.546287,-9.401162
-2.050265,-1.527640
6.530881,-6.161678
7.029482,-7.416351
-2.739515,0.148906
-1.951511,-8.227787
-2.056375,1.375316
-4.424275,0.028999
8.458887,-5.901180
7.019794,-8.685732
-3.922192,-8.747231
-2.623000,-0.492947
-2.718393,1.785831
7.632434,-6.369696
-3.296859,0.356944
-1.898487,-1.391756
6.057587,-5.541289
-3.161434,2.527776
-4.579989,0.304827
7.908294,-6.355487
-3.285225,1.062625
-3.092806,0.466205
7.068719,-4.332632
-3.793988,-0.986269
-2.031431,-9.170083
-3.692656,-7.720678
5.865579,-6.892867
7.263843,-7.316652
-1.467256,-8.084261
-1.888719,0.082421
-1.576475,-8.181530
7.181894,-7.178870
-3.625869,-9.008470
-0.746126,-8.026482
-2.026327,-9.876719
7.297206,-6.019357
-1.522508,-8.818924
5.799510,-7.945151
8.008127,-7.169169
-3.609040,0.728609
-1.331922,-8.781871
-3.122339,-2.250201
-3.136826,0.307832
6.606082,-7.635685
-2.513933,-8.178212
-4.069590,0.128638
6.650594,-4.996235
-2.868510,-0.267146
-1.938755,0.183620
6.500059,-7.627872
-3.819339,1.430547
6.790326,-7.339816
7.285446,-7.305829
-4.578864,-5.712263
5.035673,-7.770885
-1.858505,1.405669
-2.416543,0.820510
-2.904604,-0.260840
-2.991054,-8.380202
5.966395,-8.637558
-3.432581,0.555326
8.039595,-6.118250
7.246390,-5.557702
-2.911503,0.133799
-0.476507,-7.499964
7.839103,-7.896115
6.637875,-5.133538
-2.100547,0.501815
-2.517566,0.850520
-1.898503,-8.711512
-2.402310,-7.722178
-0.232027,-7.147087
7.452831,-7.476940
-2.275813,-1.907786
7.216278,-6.732399
7.026639,-6.339331
-2.461521,-1.137161
7.284938,-7.302862
7.123450,-6.009954
-3.628671,-9.271878
-4.115001,2.291245
-2.751985,-9.408354
-2.398376,-0.075547
6.786314,-7.589760
-4.041218,0.993123
-3.887499,-7.662774
-1.884778,-10.468019
6.503616,-6.438993
-1.662069,-8.527710
-2.925024,1.276439
8.052138,-6.220104
-3.099847,-8.768103
-3.217183,0.142146
-3.947705,0.055157
-2.301719,1.107606
-3.832173,-7.635644
-3.181095,-1.400114
-4.256666,0.795007
-3.335498,1.847137
-2.382640,-9.268500
7.481429,-5.673152
-2.062195,-7.474996
5.649452,-5.528665
4.700641,-6.265711
6.648783,-7.297372
-2.433361,-7.483119
-3.274109,-7.924639
-3.816538,-8.959420
-3.433970,-2.031892
-4.156497,1.430090
-2.896671,-6.382306
-1.291261,-7.955870
-3.099406,0.011156
5.823649,-6.954061
-3.806838,-0.286190
-3.365761,-8.872202
-2.805621,-8.279090
-1.676620,-8.944201
6.412261,-6.631094
5.953925,-7.446572
8.539007,-5.304137
-2.991527,-9.662814
-3.954106,0.308338
-4.051799,0.668462
-0.682783,-9.273279
5.976538,-8.733913
-3.343064,0.059018
-2.135249,-9.578214
-2.606645,-7.126344
-2.061933,-6.191299
-1.670956,1.194843
8.165807,-6.568383
-2.321025,-7.492340
6.312962,-6.709048
7.845254,-6.700533
6.775282,-8.565564
-3.974985,-0.141952
8.195760,-5.369821
7.071722,-7.502419
6.485818,-7.713606
-2.894111,0.148735
6.308628,-6.652732
-3.179464,0.401526
-3.874669,-0.225263
-3.175614,-9.069464
-2.164986,1.186423
-3.401750,-9.100441
-3.714236,-10.611585
-0.892574,-8.001714
-3.358938,1.274710
-2.330142,-0.051270
-2.102987,-8.541623
-3.053892,-0.275909
6.611691,-8.844270
-0.289766,-6.589775
-2.218398,0.221039
-2.661136,-8.202726
-2.230882,0.008271
6.370875,-7.880519
-4.038264,-2.208284
-4.493729,-8.765010
-2.150927,-7.684007
-3.435268,-8.168396
-2.101903,-8.507951
8.144370,-6.234648
-3.322714,-8.774937
-3.741544,0.490865
-2.720806,-8.545218
-2.549945,-6.298435
-3.072218,-9.624834
5.375009,-5.929940
5.303109,-6.841408
6.071167,-5.998961
-0.612560,-9.187353
-3.902714,-0.696030
-2.932136,1.093244
-2.585889,0.667263
-2.405733,-9.314828
-2.888343,-9.971342
-3.387045,-0.134143
-2.550106,0.480502
-1.320059,-10.303646
7.579503,-8.018541
-1.731482,-8.403222
6.321337,-6.523429
-1.834733,-7.785009
7.472097,-9.463410
7.343541,-3.301220
-3.896278,-7.255956
4.823942,-6.659129
6.626317,-6.265072
-2.523231,-9.254079
-1.725352,-10.046806
-3.603289,-0.064205
-3.353914,-8.968594
-2.533323,-9.056288
-3.164651,1.441302
-3.814942,0.367163
-1.418239,-9.732807
8.398104,-6.915025
7.247007,-6.250124
5.891694,-8.636462
-1.630609,1.407367
-3.090005,-9.826446
-4.108831,-0.465971
7.579623,-8.239254
6.860736,-5.971734
-1.890810,-6.532273
-2.790668,-0.710167
-3.499559,-0.755632
9.864828,-6.377570
-4.106843,0.227319
-4.361737,1.005940
-4.217208,-7.604111
-1.950908,-8.384473
-2.504760,-2.213508
-2.058770,1.340653
-3.800236,-8.876593
-0.751676,-8.943987
-2.237237,0.368572
-2.848164,2.033876
-1.483512,-7.833909
-2.155110,-9.940724
-1.189575,-8.334331
7.619463,-4.655614
-3.678521,0.072258
-3.102883,-7.857713
-1.557574,-9.337357
-2.865816,-7.390344
-3.443904,-10.082090
-3.276746,-9.445483
-2.197446,-7.488031
-3.608600,-9.413720
-4.481982,-0.175382
-3.024407,-7.169429
-2.517923,-7.191000
-2.356318,-8.428624
-5.401730,-7.417736
7.660235,-8.010909
-3.135352,0.395960
7.082768,-8.326133
-2.042020,-9.100993
-2.539568,-9.216678
8.815537,-8.008464
6.622550,-6.967834
-2.075663,0.544689
6.398297,-8.192425
-1.753846,0.232151
6.564030,-7.111428
5.216407,-7.438834
-2.475170,0.822392
-2.133532,0.641119
-2.658907,-8.702658
-3.570673,0.750781
5.808052,-6.749472
-2.780990,0.915290
-3.067325,-0.685690
5.693408,-6.344857
6.692205,-6.759978
7.257475,-7.700555
-3.778247,-0.476988
6.559678,-8.460680
-2.535026,-8.780885
6.581818,-6.452450
-3.610709,0.713171
-1.944619,-0.213252
-1.800803,1.162299
-3.065364,-9.249924
-1.691135,-8.228315
7.974777,-6.572721
-3.273387,-1.792315
-3.301983,0.687665
-1.296683,-8.583147
-0.956244,-10.196192
-2.997518,0.590793
-2.566559,0.802036
-4.059869,1.528697
-1.878567,-0.945080
-2.271076,-5.740992
7.726326,-6.804690
-2.673321,-1.291073
5.906304,-5.259506
-2.357352,-8.279166
-3.557184,0.760627
-3.511573,-9.921966
-2.019892,-1.539702
6.549812,-8.236805
5.447578,-6.289371
7.404529,-8.171685
-4.129928,-0.143616
6.247908,-5.629929
7.359522,-7.430566
6.526054,-6.702037
6.847104,-6.855910
7.497700,-8.942958
-1.556711,-0.851319
-4.313342,1.227654
7.815413,-7.006795
-2.805301,-8.426951
-5.347941,0.363525
-3.545715,0.294437
-2.401803,0.737721
-1.760904,-9.056537
-0.777182,-7.520362
5.497695,-5.027593
-3.171635,-7.862849
-2.119371,-9.441017
6.648409,-7.627929
5.381426,-6.855076
-3.850121,-9.881189
-1.745922,-8.902928
-2.579880,-6.656092
6.418693,-6.774682
-3.837985,-8.680999
-2.303654,-7.737408
5.957722,-7.144525
-2.080994,-7.001447
-2.036479,0.258233
5.298111,-7.319495
-2.431419,-9.804297
-1.496142,-7.735633
6.888842,-6.308762
6.961909,-7.457067
-3.646227,-0.376027
-4.086132,-0.343349
-1.240646,-9.381529
6.008885,-6.033105
-2.915678,-9.063928
-1.604001,0.567992
-4.160568,0.640087
-2.748471,-7.662383
-4.668683,-9.926228
6.750338,-6.644419
-2.122887,-8.625049
-2.195118,-6.689429
7.247776,-8.177608
-3.458014,-0.035154
5.697547,-6.441891
6.218337,-7.847399
-3.273034,-7.844992
-0.954785,0.214187
-4.871433,0.235373
-4.256434,0.876212
5.619329,-6.345688
7.146745,-5.284108
-1.071555,-0.312079
8.418683,-8.486301
6.252556,-8.435083
-4.914945,-9.067846
6.027332,-5.615598
-1.953035,0.071264
-2.532785,-8.157190
5.734561,-8.716075
-4.975231,2.148673
7.996859,-6.123802
7.717723,-6.496076
-3.331685,-7.276434
-3.766800,-8.143525
-1.539862,-0.680044
6.148555,-6.186745
-2.583105,3.622572
6.847268,-5.523813
7.716320,-9.028416
-2.470623,0.090949
-4.649288,0.859637
-3.005903,-9.694464
-2.533214,1.093560
-2.184185,-8.494518
-3.864013,-9.364355
-1.672461,-7.930353
-3.277463,-8.078647
-2.760396,0.522344
-2.173071,-0.948010
7.608138,-5.752165
-1.018573,-9.234340
-4.389820,-0.796560
-3.418060,-8.338326
-3.403859,-0.823628
5.207808,-6.378562
-4.714340,-9.160856
7.014490,-9.340254
7.297839,-6.332048
-3.384615,1.193552
8.018908,-6.865463
-2.943004,-8.040382
6.052631,-6.531034
-2.809556,-8.425122
8.028002,-7.311982
-3.242985,-7.334193
8.393065,-7.655154
-2.596310,-9.062863
-3.716320,0.861216
5.099007,-6.896210
7.116598,-5.907215
7.276485,-6.752543
6.710159,-6.761578
8.184466,-5.682811
-3.146668,1.062247
-2.936343,0.667374
-2.989824,-0.340194
-2.599509,-7.334754
-2.433275,0.578574
-2.523994,0.770131
7.828114,-7.188811
6.962716,-7.310289
6.859041,-6.888232
4.969044,-5.866102
-1.268038,-8.109302
-3.476381,1.061621
-2.868025,0.433587
-1.377794,-7.914498
-3.992422,-2.680943
-3.665485,0.169570
-1.914577,-8.663513
-5.171026,-7.712252
-2.166355,1.899106
5.932497,-7.554083
-0.666030,0.300655
-1.308090,-0.855668
-3.218924,-0.276403
-2.486528,-8.916461
-2.759666,0.770047
-1.811808,-7.384604
-3.459983,-7.791790
-4.563923,0.205532
-2.866888,-0.652980
-3.143979,-6.723578
-3.548836,-8.498142
-2.764078,0.789393
-3.544390,-0.181189
6.528227,-8.279104
-3.186195,-7.455019
-2.921643,-1.893029
6.655189,-7.670850
-3.123110,-8.114175
-2.493339,-8.904411
-1.327960,-0.579093
-2.546048,-0.252338
-2.036060,-8.312745
-2.514754,-9.117528
-2.410571,-0.751437
8.287878,-6.561292
-2.539679,-7.640468
-1.169360,-9.239362
-2.487808,-8.552982
7.235125,-7.994252
7.624166,-6.628642
-2.354224,-9.533336
6.187224,-6.832110
6.254504,-6.094144
-1.203095,1.377494
-2.639861,1.174161
5.969396,-6.275417
5.187583,-7.206850
-1.421038,-0.336676
8.239354,-9.894851
-2.357640,-8.092648
7.351693,-7.132135
5.919775,-6.219727
7.494791,-5.148912
-2.545650,1.209130
-3.385378,-0.549178
6.344318,-7.540738
6.872982,-6.698532
-2.203433,-0.049313
-2.907716,-9.586546
7.181339,-5.702180
-2.655157,2.407970
-2.975245,0.890564
-2.854814,-7.896737
-0.903488,-6.774918
5.513761,-5.520929
-3.002323,0.516879
-2.639768,-0.107796
-3.190126,0.274411
-2.036293,-10.011879
-1.560894,-9.466207
-3.617540,-10.906871
-2.246086,1.058714
-4.299858,-7.797640
-2.112204,-8.895106
7.811191,-7.153698
6.555382,-5.794066
6.673627,-8.093420
6.880349,-6.651008
5.239472,-8.059898
5.667206,-7.050149
-1.466135,-0.080016
-3.639728,-9.367707
7.043122,-7.065076
-3.273385,-8.933123
-0.415229,-7.288010
-2.170767,-9.920769
-3.904775,0.106576
-4.988342,0.397620
-1.998003,1.126507
-3.447069,-9.420541
-2.089571,-8.912131
-2.921474,-9.385168
6.401640,-6.393855
-1.685523,-9.231723
-2.128547,-8.369968
6.284201,-7.296246
-2.835781,-7.979674
-2.741090,1.416806
8.710016,-7.914913
-3.299817,0.490968
6.679353,-8.987487
-2.792459,-0.634676
-3.581098,0.746974
-2.569336,-0.144001
6.948717,-5.008110
-3.977015,-1.296908
5.808725,-7.259136
4.309940,-6.878125
6.269506,-4.771349
-4.350517,1.707524
-2.936712,1.248231
7.978949,-6.884171
6.780564,-6.083701
-1.938814,0.280482
7.575938,-6.826657
6.070341,-6.805283
-3.998978,-9.506727
-1.718803,1.089530
6.469790,-6.989073
8.429148,-5.560921
-3.319365,-0.340990
8.237050,-7.600874
6.769435,-6.520867
-2.590902,0.707887
-3.268468,0.241670
7.571932,-8.142849
-2.239138,0.693475
-2.832928,-7.312171
-3.327709,-8.619421
5.711129,-4.850927
-2.218264,-9.577536
-0.646631,-9.370445
-3.962429,-7.737922
-3.809337,-0.971085
-3.348937,-0.723744
-2.489218,1.336758
6.176960,-6.280343
-1.254358,-9.028551
-3.569098,2.243349
-3.718272,-0.534112
6.752388,-8.322499
7.056922,-8.010042
-4.556693,0.753839
-3.245681,-7.401654
8.066451,-6.446933
-1.493372,-8.400225
-4.492748,-8.015777
-4.023595,2.153018
-1.980990,-1.068104
6.823578,-6.288341
-2.586023,-8.388680
-2.778653,-7.757980
-3.290524,0.656320
-2.959586,-7.580754
6.580009,-6.220423
4.941874,-8.023737
-1.730596,-9.532675
-2.052110,-8.619713
-3.530855,0.146864
-4.520975,0.956575
-2.466927,-8.264622
5.969522,-7.216849
4.791807,-6.738175
5.392993,-6.085574
6.798915,-8.887339
7.400753,-8.669796
-1.899044,-0.041560
-2.434444,1.766259
-1.399141,-7.584000
8.241659,-7.715732
-3.463791,-9.501400
6.905974,-5.408708
-1.074685,1.769415
4.894419,-6.334305
-3.163879,-9.051123
-2.142838,-7.066250
-3.740232,0.248905
-3.403211,-8.235199
7.052538,-6.695442
-1.530675,-9.650944
-1.626905,1.397006
-3.981465,-9.358064
5.824680,-5.906473
6.462350,-7.727907
-1.762702,-7.524933
-3.472925,0.303998
7.857359,-6.479434
7.133518,-8.690326
-3.320818,0.404853
-2.515519,-8.300115
-2.722706,0.336145
6.135198,-6.871527
-4.705672,0.469198
-0.742504,-9.054110
-1.752281,0.031389
-2.345947,-9.537990
-3.871316,-8.360790
-3.856900,1.213034
-3.198352,0.158234
-3.943602,-0.351849
-2.414905,-9.303056
6.009957,-6.147374
8.834426,-8.381030
6.790578,-7.227626
-1.864744,-7.554485
-2.669858,-0.004420
-2.618220,-8.564249
-2.099358,0.561875
0.179915,-9.029626
-2.136352,0.750961
-2.359516,-1.591981
-1.600825,-8.375783
-3.929553,-7.476696
5.795743,-8.500802
7.709012,-6.467875
-1.071621,-9.133958
-2.633399,-0.072264
-3.611300,-9.370439
-2.455547,1.248633
-5.542409,0.902170
-1.810612,-8.718142
8.531660,-8.217967
-2.991646,-0.892770
-3.689718,0.758290
-2.802239,-10.833942
7.678543,-5.145818
7.250882,-5.677565
-2.813202,0.219963
-2.321601,0.465180
-3.450838,-1.071393
6.315898,-7.450746
6.945987,-3.710935
-1.982971,-9.686501
-2.834236,-9.521806
-2.951236,0.874248
-3.041595,-8.509872
-4.284082,-7.970419
-2.891288,-0.036860
-2.478944,-8.551560
6.370276,-8.491041
6.123495,-7.030940
7.363453,-8.655110
-1.482699,-8.465422
-1.485009,-8.782554
-1.851891,-0.160459
-3.746408,-8.621676
6.244434,-8.096485
8.030431,-6.381997
7.358289,-7.750936
-2.063324,-10.488523
-3.918356,0.841999
-2.904428,-6.911921
-4.383099,0.066700
-3.771602,-0.746650
6.831335,-6.294397
-2.870428,0.671604
6.540480,-7.803159
-4.181883,-1.044830
7.149388,-8.371134
-1.187543,-10.807067
-2.051132,-9.258176
-3.582885,-9.671359
-1.657979,-0.199873
7.782878,-7.746331
7.258550,-6.663586
-2.731115,-1.114686
-1.363901,-9.765589
-3.887767,-1.086524
-3.775392,-9.400157
7.928077,-7.879988
-3.971310,-9.546866
-2.048900,-0.788023
-1.140129,-9.563074
-4.061528,0.945273
-5.091889,1.591409
-3.167153,0.874075
-2.540042,-10.008458
-2.906560,-8.532627
7.116787,-4.642271
-5.413481,1.853647
6.549301,-7.578631
6.352072,-4.960907
-2.296981,0.227781
-3.654547,-0.003660
8.185396,-6.568198
-3.392215,-9.137590
7.491031,-6.852096
6.002389,-7.060253
8.211040,-7.458378
-3.082827,1.283303
8.210628,-7.075981
-2.301700,-0.366654
-3.015947,0.137258
-2.537387,0.037030
-1.624209,-7.674844
-2.206318,-0.498743
7.071300,-7.571157
6.660327,-6.460471
9.493424,-8.858858
-3.658839,1.514765
-1.693540,0.331460
-3.040187,1.266500
7.176503,-5.889053
7.292045,-5.200782
6.013915,-5.987316
-5.122418,-0.433461
8.149401,-5.813862
7.638837,-7.019288
-2.623929,-9.605314
-3.396112,1.005540
-3.093709,-7.462497
-1.480921,-10.027951
-2.256440,-8.320628
-1.178177,-0.183084
6.048743,-7.173250
-2.578825,-8.250701
-3.000590,-9.434359
-3.264189,-7.570902
-3.733888,-7.706452
-2.565638,0.113247
-3.296784,1.128127
-4.022014,1.055932
-3.249126,-1.025363
-2.826532,-9.888382
6.561390,-4.175035
-2.997522,-7.429645
-0.249877,0.035992
-2.217239,1.565040
6.921850,-7.688569
-1.927574,-1.078834
-3.521325,-9.472119
5.392079,-7.580594
-3.630363,-7.763867
-2.694112,0.126570
6.899918,-5.825910
-3.968012,-0.331787
-2.358365,-9.067409
-2.737772,-9.843889
-1.817649,-7.545252
-3.742741,0.131010
6.051951,-7.790983
6.589192,-5.493869
-2.038587,1.139002
7.340318,-7.140579
-2.555530,-8.617393
-2.415009,-0.533216
-2.359122,-1.283745
-3.469169,-7.337553
6.003545,-6.705474
-2.520844,-0.508365
-4.569686,-8.545745
6.561790,-7.613320
-2.619140,-6.947468
7.285295,-5.818665
7.046019,-4.902045
-1.541034,-7.909084
-1.894111,-9.148667
-2.647890,-7.510636
-3.601140,-8.731743
6.110147,-6.809306
5.177241,-6.072193
-3.660980,-9.482446
-3.614810,-0.106470
-3.701710,-0.654069
6.868668,-5.559000
-3.699554,-0.327673
-3.608046,-8.491039
7.168710,-6.755262
6.964348,-5.484199
-3.193318,0.478796
7.443376,-6.004021
6.480296,-7.107240
-3.455402,-0.164934
-3.853294,1.451190
-0.821440,-0.659502
-2.594957,0.257045
5.141459,-6.669293
6.969808,-6.087359
7.703639,-7.260208
-4.470234,-7.485939
-3.049265,-7.841263
-3.353091,1.121015
8.223405,-5.593515
7.579188,-7.394001
7.310718,-5.839342
7.340039,-6.606444
7.486207,-7.202549
6.154143,-8.033250
-2.389074,0.904947
-3.327579,0.509246
-3.069489,1.184701
5.987507,-7.575890
-2.769582,-8.046943
-3.811648,0.985687
5.752242,-8.141532
-2.345543,-1.496488
-2.952414,-1.642808
-2.853869,1.255123
7.407422,-8.250681
-1.495531,-8.935292
-4.725416,-7.429548
-2.350258,0.186060
-2.848689,-7.429795
-2.117202,1.075595
-3.757703,1.387600
-0.877416,-7.541286
-3.035304,1.032171
-2.570200,-8.400927
-2.678194,0.994707
-3.059295,-8.673658
-4.534376,0.325945
-2.492710,-5.734343
6.856331,-7.578868
-2.903111,0.983024
6.999917,-6.286592
-3.025430,-9.079807
-2.241251,-9.271792
4.658472,-7.588044
7.917058,-7.557496
-2.111983,0.048649
-2.296879,0.940172
-1.600265,-8.790870
-2.830720,-8.173872
-3.732829,-2.681496
-2.703417,-7.785249
6.889218,-5.092080
-2.459472,-9.308230
-4.081532,-9.358951
-2.467604,-6.968088
-1.000594,-8.717637
-2.969247,1.184393
-3.090006,-8.552214
4.359508,-8.551391
-3.197495,-0.313341
-2.719954,0.734053
8.271167,-5.417836
7.132293,-7.625455
-4.755340,-0.262779
-2.693712,1.187200
-1.823926,-8.985726
-2.034797,-8.514285
6.408293,-8.166559
-2.682252,2.315659
-2.566651,-9.193659
-2.208970,-8.764047
6.462184,-5.863253
-2.441978,1.552043
-3.290667,0.874443
6.486435,-5.225643
-2.480458,-0.205616
5.518884,-7.763106
-0.867278,-8.598687
-2.041255,-7.941041
-3.475900,-6.929362
-1.794009,-8.626976
-1.777244,1.050797
6.501922,-7.621797
6.258425,-6.104572
-4.217707,-0.713233
7.729169,-6.522884
-2.442643,-0.803985
-2.418150,-0.138651
-4.647678,0.813986
-1.243875,-7.671805
-3.003143,-8.394550
-3.585717,-10.210171
-3.025676,-9.280208
-3.173996,1.116813
5.157275,-6.458646
-3.121744,-1.370932
7.131373,-8.299754
5.676787,-6.597874
5.856031,-7.438924
-3.094086,-6.981586
-4.248307,-9.158584
5.316039,-6.028235
5.135840,-7.213490
-3.591595,-9.661841
-4.466128,-0.468271
-2.555463,-10.255240
-3.428778,-8.515076
-2.498975,-8.619402
7.389033,-7.600958
5.175259,-7.879889
8.191604,-5.711917
-4.592307,-0.255991
-1.756428,-7.848178
-1.478236,-8.137320
6.341766,-7.285259
-3.961936,-8.868205
-2.893156,-8.623878
-1.789010,0.065408
6.887025,-7.521168
-1.620541,-8.408486
-3.725889,-9.288905
-3.535845,0.097529
-2.506767,0.494878
6.032949,-7.725307
6.030933,-5.270197
7.907426,-6.925742
8.645311,-6.288837
-2.781128,-1.003967
4.610110,-7.719068
-3.256487,-0.268037
7.684131,-8.154167
6.823919,-6.402246
-3.315783,0.116134
-2.462177,1.231906
-4.313532,-7.438491
7.541151,-8.794623
-1.895330,-7.702308
-2.920732,-9.001636
-4.334705,1.357280
-3.174558,1.515068
-4.085757,-0.815844
-2.802742,-8.763891
5.087512,-8.066401
-4.384330,-1.042407
-3.293922,3.031537
5.227159,-5.395378
-2.719883,1.138729
7.610942,-7.344344
6.413774,-7.402801
-3.463580,-1.226888
-0.777276,-9.210207
-2.425539,-0.593046
-3.286109,-0.592311
-2.676321,-9.321844
-2.087291,0.469771
-4.244565,1.899174
-2.867715,0.736915
-1.932392,-8.938599
6.009929,-7.902890
-1.777340,-7.832297
8.156292,-7.953726
-2.571554,-8.393278
-1.432856,-9.723399
-2.044072,-0.482706
-3.696923,-0.127816
-1.586139,-8.796664
7.295764,-6.469516
-1.293744,-0.644878
-0.773987,-9.724051
-2.134160,-8.468413
7.998670,-5.548233
-3.917958,-0.623365
5.923111,-7.500359
6.785027,-7.422889
7.449492,-5.503748
-2.010376,-9.083140
-4.047856,2.902702
6.705072,-6.096687
8.825054,-7.079463
-1.471980,-10.341085
-1.199840,-0.526076
-3.366580,0.128150
7.041609,-6.452334
8.070330,-7.413706
-3.838275,-8.569254
5.250735,-8.751470
-2.637216,-8.017784
-3.190178,-8.590308
-1.779227,-9.043734
-2.546290,-0.233365
-4.124121,-8.089810
6.654436,-8.337633
